<resources>
    <!-- Default screen margins, per the Android Design guidelines. -->
    <dimen name="nav_header_vertical_spacing">16dp</dimen>
    <dimen name="nav_header_height">160dp</dimen>
    <!-- Default screen margins, per the Android Design guidelines. -->
    <dimen name="activity_horizontal_margin">16dp</dimen>
    <dimen name="activity_vertical_margin">16dp</dimen>
    <dimen name="fab_margin">16dp</dimen>

    <!-- Button customization -->
    <dimen name="button_height">52dp</dimen>
    <dimen name="button_padding">2dp</dimen>
    <dimen name="button_margin">16dp</dimen>
    <dimen name="button_gap">2dp</dimen>

    <!-- content customization -->
    <dimen name="content_padding">16dp</dimen>
    <dimen name="txt_WaitingForApproval">24dp</dimen>


</resources>
