<?xml version="1.0" encoding="utf-8"?>
<!DOCTYPE resources [
    <!ENTITY appName "Jets">
    <!ENTITY Provider "Driver">
    <!ENTITY provider "driver">
    <!ENTITY Service "Ride">
    <!ENTITY service "ride">
    ]>
<resources>

    <string name="app_name">&appName;</string>
    <!--Google map-->
    <!--<string name="google_map_api">AIzaSyDSNO6kfM3L3o2x0fkM-6jTXjI2iFKOfAY</string>-->
    <string name="google_map_api">AIzaSyARzeHICJ_UVlRYCIiF443yGU5ZLQ_DK0o</string>

    <!--Facebook App Id Account Kit -->
    <string name="facebook_app_id">1599045133508705</string>
    <string name="ACCOUNT_KIT_CLIENT_TOKEN">419dfc8f95cd7b42471fd48c462692c7</string>

    <!--Navigation Drawer -->
    <string name="navigation_drawer_open">Open navigation drawer</string>
    <string name="navigation_drawer_close">Close navigation drawer</string>
    <string name="action_settings">Settings</string>

    <!--Nav items-->
    <string name="action_payment">Payment</string>
    <string name="action_trips">Your trips</string>
    <string name="action_coupon">Coupon</string>
    <string name="action_wallet">Wallet</string>
    <string name="action_help">Help</string>
    <string name="action_share">Share</string>
    <string name="action_logout">Logout</string>

    <!--Activity Begin-->
    <string name="get_moving_with_tranxit">Enter email address to login</string>
    <string name="enter_your_mail_id">Enter your email address here</string>
    <string name="or_connect_with_social_media">Or connect with facebook</string>

    <!--Activity Email -->
    <string name="whats_your_mail_address">What is your email address?</string>
    <string name="sample_mail_id">name@examplecom</string>

    <!--Activity Password -->
    <string name="welcome_back">Welcome back, sign in to continue </string>
    <string name="enter_your_password">Enter your password</string>
    <string name="i_forgot_my_password">I forgot my password</string>
    <string name="i_need_to_create_an_account">I need to create an account</string>


    <!--Activity Register-->
    <string name="email">Email</string>
    <string name="name">Name</string>
    <string name="phone_number">Phone number</string>
    <string name="password">Password</string>
    <string name="first_name">First name</string>
    <string name="last_name">Last name</string>
    <string name="mobile_no">9876543210</string>
    <string name="password_txt">******</string>
    <!-- Activity ForgetPassword -->
    <string name="recover_password">Enter your mail ID for recovery</string>

    <!-- Coupon Fragment-->
    <string name="enter_the_coupon">Enter the Voucher code</string>
    <string name="add_coupon">ADD Voucher</string>

    <!-- Edit Activity-->
    <string name="edit_profile">Edit Account</string>
    <string name="change_password">Looking to change password?</string>
    <string name="save">SAVE</string>
    <string name="update_success">Profile Updated</string>


    <!-- Home Fragment-->
    <string name="where_to_go">Where to go?</string>
    <string name="selected_option">Economy</string>
    <string name="selected_payment_mode">Cash</string>
    <string name="change">Change</string>
    <string name="request_xuber">Request &Service;</string>


    <!--Schedule Layout -->
    <string name="schedule">Schedule a &Service;</string>
    <string name="change_date">Change</string>
    <string name="sample_date">Choose a date</string>
    <string name="sample_time">Choose a time</string>
    <string name="next">Schedule Request</string>
    <string name="different_time">You can\'t schedule in past timings, please choose different time</string>
    <string name="choose_date_time">Please choose date and time for schedule</string>

    <!--Service List Item -->
    <string name="service_list_item">Jaguar</string>
    <string name="no_service">No Services found</string>
    <string name="no_route">There is no route, choose different destination</string>
    <string name="choose_payment">Choose payment method</string>

    <!--Approximate -->
    <string name="approximate">Estimated Fare</string>
    <string name="eta_time">ETA</string>
    <string name="sample_rate">DZD1234</string>
    <string name="include_all">Including all other charges</string>

    <!-- Confirm your pickup -->
    <string name="confirm_your_pickup">Confirm your Pickup</string>
    <string name="confirm">Confirm Pickup</string>
    <string name="sample_address">110, StJoseph Chruch, Richards, road Newyork</string>
    <string name="done">Done</string>

    <!-- Waiting for provider -->
    <string name="looking_for_ride">Finding &provider;</string>
    <string name="cancel_ride">Cancel &service;</string>
    <string name="share">Share</string>
    <string name="cancel_ride_alert">Are you sure want to cancel the &service;?</string>
    <string name="no_providers_found">No one found at the moment to take your &service;, Please try after sometime</string>
    <string name="no_drivers_found">No drivers available to take your trip</string>
    <string name="driver_busy">Your trip was cancelled by the driver.Please contact us for support</string>
    <string name="retry">Retry Now</string>
    <string name="try_later">Later</string>


    <!--Driver Accepted-->
    <string name="sample_name">Will Smith</string>
    <string name="sample_service">BMW</string>
    <string name="call_btn">Call</string>
    <string name="cancel_trip">Cancel Trip</string>
    <string name="surge_pricing">Due to peak hours, charges will be vary based on availability of providers</string>


    <!--Payment Fragment-->
    <string name="payment">Payment</string>
    <string name="payment_methods">Payment Methods</string>
    <string name="add_payments">Add Card for payments</string>
    <string name="card_details">Card Details</string>
    <string name="card_number">Credit/Debit Card Number</string>
    <string name="sample_card_no">XXXX - XXXX - XXXX - XXXX</string>
    <string name="month_and_year">MM/YY</string>
    <string name="cvv">CVV</string>
    <string name="add">Add Card</string>
    <string name="enter_card_details">Card details not valid</string>
    <string name="are_you_sure">Are you sure want to remove?</string>
    <string name="yes">Yes</string>
    <string name="no">No</string>


    <!--Status -->
    <string name="arrived">&Provider; has arrived at your location</string>
    <string name="picked_up">you are on &service;</string>
    <string name="dropped">&Service; has completed</string>

    <!--Your Trips-->
    <string name="history">History</string>
    <string name="comments">Comments</string>
    <string name="no_trips">You have no past trips</string>
    <string name="your_trips">Your Trips</string>
    <string name="upcoming">Upcoming</string>
    <string name="past">Past</string>


    <!--Invoice -->
    <string name="invoice">Invoice</string>
    <string name="base_price">Base fare</string>
    <string name="booking_id">Booking ID</string>
    <string name="sample_base_price">DZD10000</string>
    <string name="extra_price">Extra</string>
    <string name="tax">Tax</string>
    <string name="total">Total</string>
    <string name="pay_now">Pay Now</string>
    <string name="distance_price">Distance fare</string>


    <!--Rate provider-->
    <string name="rate_provider">Rate your trip with</string>
    <string name="write_your_comment">Write your comment</string>
    <string name="submit">Submit</string>


    <!-- Source and destination-->
    <string name="source_location">Your location</string>
    <string name="destination_location">Where to?</string>

    <!--Show Dailog-->
    <string name="connect_to_network">Connect to network or quit</string>
    <string name="cencel_request">Are you sure you want to cancel the &service;?</string>
    <string name="connect_to_wifi">Connect to WIFI</string>
    <string name="quit">Quit</string>


    <!-- Error Messages-->
    <string name="something_went_wrong">Something went wrong</string>
    <string name="something_went_wrong_net">Something went wrong, Please check internet connection</string>
    <string name="oops_connect_your_internet">Oops ! Connect your Internet</string>
    <string name="server_down">Unable to reach server</string>
    <string name="please_try_again">Please try again</string>
    <string name="email_validation">Enter your email ID</string>
    <string name="not_valid_email">Not a valid email ID</string>
    <string name="password_validation">Password could not be left empty</string>
    <string name="first_name_empty">First name required</string>
    <string name="last_name_empty">Last name required</string>
    <string name="mobile_number_empty">Mobile number required</string>
    <string name="mobile_number_validation">Mobile number must have numbers between 10 to 20 digits</string>

    <!--True or False -->
    <string name="True">true</string>
    <string name="False">false</string>


    <!--Coupon Activity-->
    <string name="not_vaild_coupon">Coupon is not valid or may expired</string>
    <string name="coupon_added">Coupon applied successfully</string>
    <string name="add_coupon_txt">Add Coupon</string>
    <string name="added_coupon">Coupon\'s applied by you</string>
    <string name="already_in_use_coupon">Coupon already used by you</string>
    <string name="expired_coupon">Sorry, coupon has expired</string>
    <string name="off">OFF</string>
    <string name="the_applied_coupon">The coupon code applied is</string>
    <string name="valid_until">Valid until</string>
    <string name="enter_the_code">Enter the coupon code</string>


    <!--Wallet Activity-->
    <string name="wallet_balance">Your wallet amount is</string>


    <!--Change Password-->
    <string name="change_password_title">Change Password</string>
    <string name="current_password">Current Password</string>
    <string name="new_password">New Password</string>
    <string name="confirm_password">Confirm New Password</string>
    <string name="please_enter_current_pass">Please enter current password</string>
    <string name="please_enter_new_pass">Please enter new password</string>
    <string name="please_enter_confirm_pass">Please enter confirmation password</string>
    <string name="different_passwords">Password doesn\'t match</string>
    <string name="commision">Service charge</string>
    <string name="request_cancel">You have cancelled the request</string>

    <!-- Toolbar titles when navigation menu item is selected -->
    <string-array name="nav_item_activity_titles">
        <item>Home</item>
        <item>Photos</item>
        <item>Movies</item>
        <item>Notifications</item>
        <item>Settings</item>
    </string-array>

    <!-- TODO: Remove or change this placeholder text -->
    <string name="hello_blank_fragment">Hello blank fragment</string>
    <string name="valid_image">No image found</string>
    <string name="otp_validation">Enter OTP field is required</string>
    <string name="inncorrect_otp">Incorrect OTP</string>
    <string name="confirm_password_validation">Password mismatch</string>
    <string name="reset_password">Reset Password</string>
    <string name="note">Note : Please enter the otp send to your registered email address</string>
    <string name="secrete_code">Enter OTP</string>
    <string name="connect_with_social_media">Or connect with social</string>
    <string name="logout_alert">Are you sure want to logout?</string>
    <string name="choose_social">Choose an account</string>
    <string name="facebook_name">Facebook</string>
    <string name="google_name">Google</string>
    <string name="schdule_accept">Your request has responded by the driver</string>
    <string name="no_comments">No comment available</string>
    <string name="pin_location">Set pin location</string>
    <string name="type">Model</string>
    <string name="emaergeny_call">Are you sure want to proceed with Emergency call?</string>
    <string name="user_no_mobile">No mobile number</string>
    <string name="profile">Profile</string>
    <string name="reason_to_cancel">Reason for cancellation</string>
    <string name="reason">Drop a message</string>

    <!--Activity Help-->
    <string name="help_msg">Our team person contact\n you soon!</string>
    <string name="help_title">&appName; Help</string>
    <string name="schedule_request">Schedule</string>
    <string name="surge_pricing_title">Due to high demand price may vary</string>
    <string name="request_now">Ride now</string>
    <string name="help">Help</string>
    <string name="book_name">Booking ID</string>
    <string name="password_size">Password size must be atleast 6</string>
    <string name="sorry_for_inconvinent">Sorry for inconvenient,Our assisants are busy right now</string>
    <string name="email_exist">The email has already been taken</string>
    <string name="first_name_no_number">First name do not accept numbers</string>
    <string name="last_name_no_number">Last name do not accept numbers</string>
    <string name="ok">Ok</string>
    <string name="use_wallet_amount">Use wallet amount</string>
    <string name="arriving">&Provider; accepted your request.</string>
    <string name="view_invoice">View receipt</string>
    <string name="payment_set_as_card">Payment mode changed to card</string>
    <string name="payment_set_as_cash">Payment mode changed to cash</string>

    <string name="new_login">Login</string>
    <string name="new_register">Register</string>

</resources>
